,Questions,Correct,A,B,C,D,Category,Difficulty
0,"In what fictional city is the TV show Futurama set?
",New New York,New Chicago,New New York,New San Francisco,None of these,video-games,1
1,"What is the lowest ranking species in the Covenant hierarchy in the Halo series?
",Grunt,Drone,Brute,Elite,Grunt,video-games,1
2,"Who controls the Flood in the Halo series?
",Gravemind,Gravemind,The Prophet of Truth,The Arbiter,No one,video-games,1
3,"What is a SPARTAN in the Halo series?
",All of these,A Genetically modified super soldier,A higher ranking soldier than a ODST,Troopers that went through military training at the age of five,All of these,video-games,1
4,"What species is the Didact in the Halo series?
",Forerunner,Forerunner,Precursor,Promethean,Yamne,video-games,1
5,"In the Halo series, Zealots use Energy Swords.
",True,True,False,,,video-games,1
6,"Which of the following does the UNSC use to transport troops in the halo series?
",Pelicans,Falcons,Hornets,Phantoms,Pelicans,video-games,1
7,"What does UNSC stand for in the Halo series?
",United Nations Space Command,None of the above,United Nations Space Council,United Nations Space Command,Unified Nations Supreme Court,video-games,1
8,"What is the largest UNSC ship in the Halo series?
",UNSC Infinity,UNSC In Amber Clad,UNSC Infinity,UNSC Spirit of Fire,UNSC Pillar of Autumn,video-games,1
9,"What city does Halo 3 ODST take place in?
",New Mombasa,Voi,New Mombasa,Toronto,New York,video-games,1
10,"What is the largest species of the Covenant in the Halo series?
",Hunter,Brute,Hunter,Jackal,Elite,video-games,1
11,"Who made the fictional Mother Brain and for what purpose?
",The Chozo built her to be a organic Supercomputer.,The Galactic Federation built her as a next generation Aurora Unit.,It is unknown who made her but she was made to control Zebes.,The Space Pirates built her to be one of their generals.,The Chozo built her to be a organic Supercomputer.,video-games,1
12,"How did the Alimbics become extinct in the Metroid series?
",The entire species used up their life energy to imprison Gorea.,They discovered Phazon and developed Phazon Madness causing them to wipe each other out.,Gorea wiped them out.,The entire species used up their life energy to imprison Gorea.,The Metroids wiped them out.,video-games,1
13,"What creature passes on the X Parasite to Samus in the Metroid series?
",Hornoad,Metroid,Space Pirate,Kihunter,Hornoad,video-games,1
14,"Who is the Deleter in the Metroid series?
",James Pierce,Lyle Smithsonian,Adam Malkovich,K.G Misawa,James Pierce,video-games,1
15,"Kraid is the only one of his species encountered in the Metroid game.
",False,True,False,,,video-games,1
16,"What do Steamlords keep as pets in the Metroid series of games?
",Vaporwing,Steambot,Warp Hound,Steamspider,Vaporwing,video-games,1
17,"An ancient Chozo prophecy predicts the coming of Phazon and the Metroid Prime. In this prophecy the Metroid Prime is referred to as which of the following?
",Worm,Worm,Beast,Destroyer,Consumer,video-games,1
18,"King Worm can be fought after Mother Brainin Metroid Zero Mission.
",True,True,False,,,video-games,1
19,"What planet are Kihunters from in the Metroid games?
",Unknown,Space Pirate Homeworld,Unknown,SR388,Zebes,video-games,1
20,"What planet is Samus from  in the Metorid games?
",K-2L,It is unknown,K-2L,Norion,Zebes,video-games,1
21,"What is the name of the enemy faction in the first N.O.V.A?
",Xenos,Xenos,Volterites,Judgers,The Dominion,video-games,1
22,"The N.O.V.A 3 Shotgun is both semi and fully automatic.
",True,False,True,,,video-games,1
23,"On which planet does the first two missions in N.O.V.A 2 take place?
",Aquarius,Sagittarius,Earth,New Ceres,Aquarius,video-games,1
24,"Who helps Kal Wardin find the Judger artifact aboard Therrius in N.O.V.A?
",MazRah,Prometheus,Yelena,MazRah,Rufus,video-games,1
25,"In N.O.V.A, Kal Wardin is rewarded for finding out what happened aboard the Colonial Pride by almost being killed.
",True,False,True,,,video-games,1
26,"Who is the leader of the Volterites in N.O.V.A?
",The Overseer,MazRah,None of the above,Prometheus,The Overseer,video-games,1
27,"Which Xeno is capable of teleporting in N.O.V.A?
",Heavy Demon,Heavy Demon,Red Demon,Imp,Fiend,video-games,1
28,"In N.O.V.A, President Folson is unarmed.
",False,False,True,,,video-games,1
29,"Boreas is the only desert planet in the N.O.V.A series.
",False,False,True,,,video-games,1
30,"What is the name of the damsel you have to save in the classic arcade game Donkey Kong?
",Pauline,Peach,Daisy,Pauline,Dixie Kong,video-games,1
31,"Which of these was a name that game character, Mario, was once called?
",Jumpman,Koopa,Plumberio,Jumpman,Luigi,video-games,1
32,"Who or what turned Warios treasure into monsters in the game, Wario World?
",The black jewel,Kemmy Koopa,Lemmy Koopa,The black jewel,Bowser,video-games,1
33,"In the Mario games, what animal is a paratroopa?
",A turtle,A bird,A lizard,A turtle,A tiger,video-games,1
34,"When first created, Mario game character, Birdo, was what?
",A boy,A dog,A boy,A girl,A bird,video-games,1
35,"In the video games of Mario, is Luigi Marios cousin?
",No,No,Yes,,,video-games,1
36,"In the Mario video games, Bowser is the king of what?
",Koopas,Bowsers,The Jungle,Mushroom Kingdom,Koopas,video-games,1
37,"Who is the last boss in video game Paper Mario 2?
",Shadow Queen,Gloom Tail,Bowser,Shadow Queen,Cackletta,video-games,1
38,"Which movie is this Warcraft 3 quote from?
",ndit: -What we have here is a failure to communicate.,Cool Hand Luke,For a Fistful of Dollars,Dirty Sanchez,Cool Hand Luke,video-games,1
39,"Where does the popular video game character Mario live?
",The Mushroom Kingdom,The Koopa Kingdom,The Kingdom of Sarasaland,The Mushroom Kingdom,Yoshi Island,video-games,1
40,"What is Marios nationality according to Nintendo video games?
",Italian,Italian,American,Mexican,British,video-games,1
41,"Has the video game character Mario ever been in a TV show?
",Yes,No,Yes,,,video-games,1
42,"What was the first video game in which Mario appeared?
",Donkey Kong,Mario,The Mario Bros.,Super Mario,Donkey Kong,video-games,1
43,"Why does Mario wear a red cap in the Mario series of games?
",The creators didnt have the technology to animate his hair.,The creators didnt have the technology to animate his hair.,He is bald.,He cant make his hair neat.,He likes his cap.,video-games,1
44,"Has Nintendo character Mario ever been a bad guy?
",Yes,No,Yes,,,video-games,1
45,"What does the Fire Flower do to Mario in the Mario video games?
",Allows him to throw fire balls.,Allows him to breath fire.,Nothing,It makes him angry.,Allows him to throw fire balls.,video-games,1
46,"What effect does the Super Mushroom have on Mario in the popular series of video games?
",It makes him bigger.,It makes him bigger.,None,It makes him impervious to danger.,It makes him smaller.,video-games,1
47,"In the Mario series of video games, Mario never uses any weapons.
",False,False,True,,,video-games,1
48,"What is Marios occupation in the Mario series of games?
",plumber,engineer,doctor,plumber,electrician,video-games,1
49,"What is the name of the land where most of the Legend of Zelda games take place?
",Hyrule,Hylia,Hyrule,Sacred Realm,Termania,video-games,1
50,"Which monster made its first appearance in the game The Legend of Zelda: Majoras Mask?
",Chu-Chu,Chu-Chu,Armos,Keese,Octorok,video-games,1
51,"Which one of the Legend of Zelda games does not feature the same Link as the others?
",Wind Waker,Ocarina of Time,Links Awakening,Wind Waker,Majoras Mask,video-games,1
52,"Which of the following is not an item that Link uses in the Legend of Zelda series of games?
",A spear used for immobilizing enemies,A magical leaf used for flying,A spear used for immobilizing enemies,A jar that can suck stuff into it and shoot out gusts of wind,A candle for shooting fire at enemies,video-games,1
53,"In the Legend of Zelda series of games Link has not worn a tunic in what colour?
",yellow,yellow,blue,red,green,video-games,1
54,"Which games were included in the 2003 Legend of Zelda Collectors edition that became available on the Nintendo GameCube?
","The Legend of Zelda, The Adventure of Link, Ocarina of Time, Majoras Mask","The Legenda of Zelda, The Adventure of Link, A Link to the Past, Ocarina of TIme","Orcale of Seasons, Orcale of Ages, Links Awakening, and Minish Cap","The Legend of Zelda, The Adventure of Link, Ocarina of Time, Majoras Mask","A Link to the Past, Majoras Mask, Ocarina of Time, Wind Waker",video-games,1
55,"Which Final Fantasy 3 character is known for blitzes such as Bum Rush, Pummel, and Suplex?
",Sabin,Edgar,Setzer,Locke,Sabin,video-games,1
56,"What character from the Final Fantasy series used a weapon called the Buster Sword?
",Cloud Strife,Sephiroth,Squall Leonhart,Cloud Strife,Seifer Almasy,video-games,1
57,"What was the name of the summoned creatures that aided the characters in the Final Fantasy 8 game?
",Guardian Forces,Materia,Summonings,Espers,Guardian Forces,video-games,1
58,"Which character was the main villain in the American Final Fantasy 3 game?
",Kefka,Sin,Kefka,Garland,Sephiroth,video-games,1
59,"Which Final Fantasy game was released in North America on 7 September 1999?
",Final Fantasy 8,Final Fantasy 10,Final Fantasy 9,Final Fantasy 8,Final Fantasy 7,video-games,1
60,"Which one of these Final Fantasy characters didnt own an airship?
",Rinoa Heartilly,Setzer Gabbiani,Daryl,Rinoa Heartilly,Cid Highwind,video-games,1
61,"What year was the first Final Fantasy game released in Japan?
",1987,1989,1988,1990,1987,video-games,1
62,"This character, who has appeared in nearly every Final Fantasy game, usually provides transportation to the main characters.
",Cid,Edgar,Cid,Sabin,Squall,video-games,1
63,"In this Final Fantasy spin-off every new recruit starts out as a Squire or a Chemist.
",Final Fantasy Tactics,Final Fantasy Mystic Quest,Final Fantasy Tactics Advance,Kingdom Hearts,Final Fantasy Tactics,video-games,1
64,"Final Fantasy X featured which mini-game?
",Blitzball,Snowboarding,Blitzball,Triple Triad,Tetra Master,video-games,1
65,"Which video game is the following quote from?
",e got muscles in places youve never even heard of.,Escape from Monkey Island,Escape from Monkey Island,Simon the Sorcerer 3D,Grim Fandango,video-games,1
66,"Which video game are the following quotes from?
",," Come on, comrades! Up to the rooftop! Go!", Get that flag up! Berlin is ours!,Call of Duty,Medal of Honor,video-games,1
67,"Come on, comrades! Up to the rooftop! Go!
", Get that flag up! Berlin is ours!,Call of Duty,Medal of Honor,Call of Duty,Hidden and Dangerous 2,video-games,1
68,"What is the cheat for getting 50 000 simoleans in the computer game The Sims 2?
",motherlode,kaching,all of these,motherlode,simoleons_$$$,video-games,1
69,"What are the expansion packs available for The Sims 2 game?
","University, Night Life, Family Fun, Open for Business","Odd Jobs, Pets",All of these,"University, Night Life, Family Fun, Open for Business","Makin Magic, Holiday, Party",video-games,1
70,"In the computer game The Sims 2, in order for a Sim to have a baby, you must select the woohoo option on a different Sim.
",False,False,True,,,video-games,1
71,"On the cover of the Sims 2 University expansion pack there is a picture of two Sims, one male and one female. What is the male Sim wearing?
",toga,hippie outfit,toga,mascot costume,football equipment,video-games,1
72,"Bella Goth is absent from the family when The Sims 2 begins.
",True,False,True,,,video-games,1
73,"In Open for Business, the third expansion pack for The Sims 2, Sims may earn 25 business perks.
",True,False,True,,,video-games,1
74,"Was the computer game The Sims 2 made solely by EA games?
",No,No,Yes,,,video-games,1
75,"The Sims 2 game is rated E (Everyone).
",False,False,True,,,video-games,1
76,"What is the name of the robot in The Sims 2, that fetches take-away food?
",MunchieBot,HungryBot,MunchieBot,Bot,FoodBot,video-games,1
77,"In Nightlife, the second expansion pack for The Sims 2, Sims can have their own cars.
",True,False,True,,,video-games,1
78,"Which is not an actual die?
",d18,d10,d100,d4,d18,video-games,1
79,"This class has the ability to smite evil.
",Paladin,Rogue,Paladin,Ranger,Sorcerer,video-games,1
80,"This race doesnt sleep, they meditate instead.
",Elf,Dwarf,Elf,Human,Changeling,video-games,1
81,"Which of these is not a feat?
",Knowledge Arcana,Quick Draw,Knowledge Arcana,Forge Ring,Toughness,video-games,1
82,"You roll a d20 for attack rolls (to see if you hit your opponent).
",True,True,False,,,video-games,1
83,"Which item costs the most according to the Players Handbook?
",Full Plate Mail,Whetstone,Two-Bladed Sword,Full Plate Mail,Heavy Repeating Crossbow,video-games,1
84,"How far can a medium sized, unencumbered creature walk in one round?
",30 feet,20 feet,50 feet,30 feet,10 feet,video-games,1
85,"Which class casts arcane magic innately?
",Sorcerer,Ranger,Cleric,Wizard,Sorcerer,video-games,1
86,"This 9th level wizard spell is sought after by many characters as a reward.  Many wizards also strive to learn this spell.
",Wish,Power Word Kill,Wish,Imprisonment,Gate,video-games,1
87,"This class must choose 2 weapon fighting or archery as their weapon style at 2nd level.
",Ranger,Bard,Cleric,Ranger,Fighter,video-games,1
88,"Where is the first warp whistle located in the game Super Mario 3?
",world 1-3,world 1-3,world 1 fortress,world 2-5,world 1-4,video-games,1
89,"In Mario Kart: Double Dash, what is the last thing you unlock by getting gold in the all cup tour in mirror mode?
",Parade car,Parade car,Bullet car,Super Mario car,Ganondorf car,video-games,1
90,"Which of the following characters can bounce off walls in the game Super Smash Brothers Melee?
",Young Link,Luigi,Ness,Yoshi,Young Link,video-games,1
91,"In the game Luigis Mansion, which of these in not one of Marios lost items?
",Marios belt,Marios shoe,Marios hat,Marios belt,Marios star,video-games,1
92,"Who is the boss at the end of world 5 in the game Super Mario 2?
",Clawgrip,Birdo,Tryclide,Bowser,Clawgrip,video-games,1
93,"In the game Super Mario 1, which level in world 7 is a water level?
",7-2,7-1,7-2,7-4,7-3,video-games,1
94,"In Super Mario World, you start the game on which island?
",Yoshis Island,Toads Island,Yoshis Island,Peachs Island,Bowsers Island,video-games,1
95,"Which of these is not a playable character in the video game Mario Party 4?
",Toad,Peach,Donkey Kong,Mario,Toad,video-games,1
96,"In the game Super Mario Sunshine, where is Bowser when you fight him at the end?
",in a hot tub,in his castle,in a volcano,in a hot tub,in the windmill with Petey Piranha,video-games,1
97,"What does Mario use for his power shot in the game Mario Power Tennis?
",a hammer,a fiery racket,a hammer,a star,a fire fist,video-games,1
98,"What is the God Pokemon called in Pokemon Pearl and Diamond?
",Arceus,Giratina,Dialga,Cresselia,Arceus,video-games,1
99,"The Pokemon creature Snorunt can evolve in which of the following?
",Glalie  Froslass,Glalie  Snolie,Glalie  Froslass,Glalie  Galrunt,Glalie  Probopass,video-games,1
100,"In what Pokemon version can Palkia be obtained?
",Pearl,Pearl,Blue,Diamond,Red,video-games,1
101,"What was the first ever ghost Pokemon to appear in a Pokemon episiode?
",Gengar,Misdreavus,Gengar,Ghastly,Haunter,video-games,1
102,"What Pokemon abducted Professor Spencer Haled in the movie Pokemon 3?
",Unknown,Aipom,Gengar,Unknown,Entei,video-games,1
103,"How many heroes are alive at the end of Startcraft: Brood War?
","6 - Artanis, Arcturus Mengsk, Jim Raynor, Zeratul, Samir Duran, Sarah Kerrigan","6 - Artanis, Arcturus Mengsk, Jim Raynor, Zeratul, Samir Duran, Sarah Kerrigan","7 - Aratnis, Arcturus Mengsk, Aldaris, Samir Duran, Sarah Kerrigan, Fenix, Zeratul","5 - Fenix, Arcturus Mengsk, Edmund Duke, Samir Duran, Sarah Kerrigan","7 - Aratnis, Arcturus Mengsk, Aldaris, Samir Duran, Sarah Kerrigan, Fenix, Jim Raynor",video-games,1
104,"Edmund Duke leads which group of elite fighters?
",Alpha Squadron,Alpha Squadron,Beta Squadron,Delta Squadron,Omega Squadron,video-games,1
105,"What type of unit is Zeratul?
",Dark Templar,Dark Archon,High Templar,Dark Templar,Zealot,video-games,1
106,"What are characteristics of the Archon unit?
",10 hit points and 350 plasma shield,10 hit points and 250 plasma shield,20 hit points and 250 plasma shield,10 hit points and 350 plasma shield,20 hit points and 300 plasma shield,video-games,1
107,"What unit says that in the game?
",Dark Templar,Zealot,Scout,Dark Templar,Zealot,video-games,1
108,"What is Alexei Stukovs rank?
",Vice Admiral,General,Admiral,Vice Admiral,Corporal,video-games,1
109,"During which mission do Edmund Duke and Fenix die?
",True colors,True colors,Omega station,Day of lightning,Hammer falls,video-games,1
110,"Who leads the UED (United Earth Directorate forces)?
",Gerard DuGalle,Samir Duran,Gerard DuGalle,Jim Raynor,Alexei Stukov,video-games,1
111,"Who is Kerrigan talking to?
",Fenix,Zeratul,Edmund Duke,Fenix,Artanis,video-games,1
112,"What is the name of the Italian plumber, thats also the mascot of Nintendo?
",Mario,Luigi,Donkey Kong,Sonic,Mario,video-games,1
113,"What does KOTOR stand for?
",Knights of the Old Republic,Kings Of The Old Realm,Know One Tells Our Ruses,Kin Of Time Or Rain,Knights of the Old Republic,video-games,1
114,"In the video game Rock Band you can play multiple instruments in the band.
",True,False,True,,,video-games,1
115,"Which Age of Empires game expansion pack allows you to play as Native Americans?
",The War Chiefs,The War Chiefs,The Tribal Warriors,The Lakota Warriors,Asian Dynasty,video-games,1
116,"What is the name of Donkey Kongs tiny sidekick?
",Diddy Kong,Tiny Kong,Donkey Kong Jr.,Diddy Kong,Mini Donkey Kong,video-games,1
117,"Which GTA game features Tommy Vercetti?
",Vice City,Grand Theft Auto III,San Andreas,"GTA 9,000",Vice City,video-games,1
118,"Which game is Luis Sera featured in?
",Resident Evil 4,Burnout Revenge,Dead Rising,Resident Evil 4,Midnight Mayhem,video-games,1
119,"Which of these games is not based on a comic book?
",Kingdom Hearts,The Darkness,Ghost Rider,Kingdom Hearts,X-Men The Game,video-games,1
120,"Which of these songs is not in Guitar Hero 2?
",We Will Rock You,Carry on My Wayward Son,Strutter,War Pigs,We Will Rock You,video-games,1
121,"In 2007, this game was named by IGN the 3rd best GameCube game of all time.
",Super Smash Bros Melee,Pikmin,Super Smash Bros Melee,Resident Evil 4,Nicktoons Unite,video-games,1
122,"In the Legend of Zelda: Twilight Princess, what is the name of the first sword you get?
",Wooden sword,Ordon sword,Four sword,Wooden sword,Master sword,video-games,1
123,"In The Legend of Zelda: Majoras Mask, how many days do you have until the moon crashes down on Temina?
",three,one,nine,three,six,video-games,1
124,"There is at least one game of the Zelda series of games, released from 1986 to 2006, in which Zelda and Link get married.
",False,False,True,,,video-games,1
125,"What is the name of the owner of lon-lon ranch in the Zelda series of games?
",Talon,Zelda,Ingo,Minda,Talon,video-games,1
126,"In The Legend of Zelda: Twilight Princess, what was the name of the villain that had been fired from a joker at Hyrule Castle?
",None of these,None of these,Gannondorf,Navi,Vati,video-games,1
127,"In the Zelda series of games, what is the name of the tribe Gannondorf comes from?
",Gerudo,Zora,Gerudo,Goron,Hylian,video-games,1
128,"Link, one of the main characters in the Zelda series of games, is a member of what race?
",Hylians,Hylians,Kokiri,Zora,Goron,video-games,1
129,"What is Links fathers name according to the Zelda series of games?
",It has never been revealed.,It has never been revealed.,Gerald,Sam,Lance,video-games,1
130,"In which Zelda game does Link turn into a bunny when he goes into the dark world without a pearl?
",Link to the Past,Twilight Princess,Link to the Past,Ocarina of Time,Links Awakening,video-games,1
131,"Which computer game is this soundtrack from?
",Double Dragon,Double Dragon,Final Fight,Punisher,Street Fighter,video-games,1
132,"What island do you start on in the online role-playing game RuneScape?
",Tutorial Island,Beginners Island,Noobonia Island,Startagonia Island,Tutorial Island,video-games,1
133,"What icon is used to start a low detail RuneScape game?
",A warrior,A skeleton,An imp,A warrior,A barbarian,video-games,1
134,"What is the name of the sword used to defeat the demon in the demon slayer quest of the online role-playing game RuneScape?
",Silverlight,Brightheart,Demonbane,The Shining Light,Silverlight,video-games,1
135,"In the online role-playing game RuneScape, what kind of fruit is grown in Karajama?
",Bananas,Apples,Bananas,Oranges,Pineapples,video-games,1
136,"Priest robes raise your mage level in the mass online game RuneScape.
",False,True,False,,,video-games,1
137,"What is the highest weapon type available to nonmembers in the online role-playing game RuneScape?
",Rune,Dragon,Granite,Rune,Adamantite,video-games,1
138,"What is the name of the fantasy realm in which the RuneScape game is set?
",Gielinor,None of these,Modor,Gomor,Gielinor,video-games,1
139,"What does Traiborn call you in the online role-playing game RuneScape?
",Thingummywut,Bungdungydingdong,Hugmugabugger,Thingummywut,Trindindlekindy,video-games,1
140,"The action in the survival horror game Resident Evil 4 takes place in what country?
",Spain,Germany,Spain,France,USA,video-games,1
141,"Which of the guns listed is available before you beat the Resident Evil 4 game?
",Killer7,Chicago typewriter,Killer7,Handcannon,Infinite Launcher,video-games,1
142,"What is the merchants real name in the video game Resident Evil 4?
",It is not mentioned,Jeremy,Krauser,It is not mentioned,Robert,video-games,1
143,"This creature from the game Resident Evil 4 was created by splicing genes from reptiles, insects and a human into one organism.
",U3,None of the above,Verdugo,Garrador,U3,video-games,1
144,"In the survival video game Resident Evil 4, the handcannon with its exclusive upgrade does 99.9 damage and has infinite ammo.
",True,False,True,,,video-games,1
145,"Not including the rocket launcher, what is the second most powerful weapon in Resident Evil 4, according to its damage per shot?
",Broken butterfly,Semi-auto rifle,Chicago typewriter,Killer7,Broken butterfly,video-games,1
146,"Whose final speech ends in We shall win through no matter the cost!
",Arcturus Mengsk,Alexei Stukov,Edmund Duke,Jim Raynor,Arcturus Mengsk,video-games,1
147,"Who kills the Matriarch?
",Zeratul,Zeratul,Sarah Kerrigan,Aldaris,Samir Duran,video-games,1
148,"The words Doom to all who threaten the homeworld belong to which unit?
",Zealot,Zealot,Dark Templar,Archon,Dark Archon,video-games,1
149,"What were the words of Sarah Kerrigan to Jim Raynor when they first met?
",You pig!,You pig!,"Hello, Jimmy","Hello, sheriff","Hello, marshal",video-games,1
150,"How many hit points does the Arclite Siege Tank have?
",150,140,160,150,120,video-games,1
151,"Listen to the dialogue and determine what name is missing at the end
",Alexei,Raynor,Alexei,Gerard,Kerrigan,video-games,1
152,"What hero do these words belong to: I fear no death, I fear no enemy, our
",rength is eternal,Fenix,Artanis,Zeratul,Fenix,video-games,1
153,"What is the official version for the death of Alexei Stukov?
",He dies during the final assault on planet Char,He commits suicide after his fleet is destroyed,"He is killed by Samir Duran, because he was a traitor",His spaceship is blown up by Prottos forces,He dies during the final assault on planet Char,video-games,1
154,"Which unit says You called down the Thunder, now reap the Whirlwind.
",Ghost,Ghost,Medic,Marine,Firebat,video-games,1
155,"This sound clip is from what classic Nintendo game?
",Super Mario Bros,Star Fox,Donkey Kong,Super Mario Bros,The Legend of Zelda,video-games,1
156,"This sound clip is from what NES game featuring a creature that could eat anything?
",Kirbys Adventure,Metroid,Legend of Zelda,Super Mario Bros.,Kirbys Adventure,video-games,1
157,"This is the theme to what Xbox video game?
",Halo,Final Fantasy,Eldar Scrolls IV: Oblivion,Rainbow 6,Halo,video-games,1
158,"This is the overworld theme to this NES game that introduced the save function because the game took so long to complete.
",Legend of Zelda,Metroid,Donkey Kong,Legend of Zelda,Super Mario Bros.,video-games,1
159,"This is the victory theme to what popular video game series?
",Final Fantasy,Mortal Combat,Legend of Zelda,Final Fantasy,Super Mario,video-games,1
160,"From which fighting game is this sound clip?
",Super Smash Bros. Melee,Street Fighter II,Super Smash Bros. Melee,Teken 4,Soul Caliber II,video-games,1
161,"This sound clip is from what Game Boy game that spawned an anime TV show and a collectible card game?
",Pokemon,Final Fantasy,Pokemon,Magic the Gathering,Yu-Gi-Oh,video-games,1
162,"This sound clip is from what PC RTS game?
",Age of Empires II,Age of Empires II,StarCraft,Command and Conquer,Warcraft III,video-games,1
163,"This sound clip is a theme in which of the following Legend of Zelda games?
",The Legend of Zelda: Ocarina of Time,The Legend of Zelda: A Link to the Past,The Legend of Zelda,The Legend of Zelda: The Wind Waker,The Legend of Zelda: Ocarina of Time,video-games,1
164,"This sound clip is from what video game series?
",Star Fox,Star Wars: Rouge Squadron,Final Fantasy,Star Fox,Halo,video-games,1
165,"Which of these levels is on both Star Wars: Battlefront 1 and 2?
",Kamino,Death Star,Kamino,Bespin,Mustafar,video-games,1
166,"You can control Jedi on both Star Wars: Battlefront 1 and 2.
",False,True,False,,,video-games,1
167,"What is the default number of points to destroy a ship in a space battle on Star Wars: Battlefront  2?
",180,500,200,10,180,video-games,1
168,"Choose the correct order for player points bonuses in Star Wars: Battlefront from least to greatest.
","Endurance, Guardian, War Hero","Endurance, Guardian, War Hero","Guardian, Endurance, War Hero","War Hero, Guardian, Endurance","Marksman, Demolition, Technician",video-games,1
169,"The two levels on Kashyyyk on Star Wars: Battlefront 1 are Islands and Docks.
",True,True,False,,,video-games,1
170,"On the Star Wars: Battlefront game, which of these is among the non-player characters of the game?
",Jawas,Mace Windu,Heavy weapons soldier,Luke Skywalker,Jawas,video-games,1
171,"Who controls the AT-ATs on Hoth in Star Wars: Battlefront?
",Empire,Empire,Rebels,Republic,CIS,video-games,1
172,"Warchief Thrall is the leader of which clan?
",Doomhammer,Warsong,Death Spear,Black Rock,Doomhammer,video-games,1
173,"What type of creature is the DeathWing?
",Black Dragon,Black Dragon,Red Dragon,Bone Dragon,Green Dragon,video-games,1
174,"What unit or hero does the phrase Speak up fool belong to?
",Prince Arthas as Dead Knight,Ghoul,Druid of the Claw,Prince Arthas as Dead Knight,Prince Arthas,video-games,1
175,"Who kills Mannoroth?
",Grom Hellscream,Thrall,Prince Arthas,Grom Hellscream,Illidan Stormrage,video-games,1
176,"What unit or hero does this phrase belong to?
",Dwarf Rifleman,muradin bronzebeard,Human Footman,Dwarf Rifleman,Throll Hunter,video-games,1
177,"Which building makes the Druid of the Claw unit?
",Ancient of  Lore,Ancient of  Lore,Ancient of  Wind,Ancient of Wisdom,Ancient of War,video-games,1
178,"Who rides “Nightsabre Panthers”?
",Huntresses,Wind Druids,Head Hunters,Huntresses,Archers,video-games,1
179,"What unit or hero does the phrase “I can see clearly, now the rain has gone” belong to?
",Grom Hellscream,Thrall,Shadow Hunter,Grom Hellscream,Thief,video-games,1
180,"In the Pokemon TV series, Ash saw a Gyarados in the first episode.
",False,True,False,,,video-games,1
181,"On what other character is Ash Ketchum loosely based in the Pokemon video games?
",Red,Blue,Yellow,Green,Red,video-games,1
182,"Is the Pokemon character Raikou included in any of the first ten Pokemon movies?
",No,No,Yes,,,video-games,1
183,"What is the first season of Johto called in Pokemon series?
",Johto Journeys,Johto,Johto Quest,Johto Journeys,Master Quest,video-games,1
184,"Was the tenth Pokemon movie released simultaneously in Japan and the USA?
",No,Yes,No,,,video-games,1
185,"Where can you find the gym leader Blaine in the video games Pokemon Gold and Silver and Pokemon Crystal?
",Seaform Islands,Celadon City,Seaform Islands,Cinnabar Island,Fusia city,video-games,1
186,"What is the very first car you drive in the Need for Speed: Most Wanted game?
",BMW M3 GTR,Golf GTI,BMW M3 GTR,Corvette C6,Lamborghini Gallardo,video-games,1
187,"There are a total of 20 blacklist drivers in the game Need for Speed: Most Wanted.
",False,False,True,,,video-games,1
188,"In the racing game Need for Speed: Most Wanted, what are the street names of  Blacklist numbers 1, 4, 7, and 15?
","Razor, JV, Kaze, Sonny","Razor, JV, Kaze, Sonny","Taz, Big Lou, Baron, Ronnie","Kaze, Big Lou, Bull, Razor","Webster, Vic, Izzy, Bull",video-games,1
189,"How many maximum infractions can you get in a single pursuit in the game Need for Speed: Most Wanted?
",8,10,9,8,7,video-games,1
190,"Do you have a rap sheet in the game Need for Speed: Most Wanted?
",Yes,Yes,No,,,video-games,1
191,"Which of the following refers to the ability to win a Blacklist opponents car in the game Need for Speed: Most Wanted?
",pink slip,pink slip,gold bars,orange tye,thong wrap,video-games,1
192,"In the racing game Need for Speed: Most Wanted, where is is Blacklist number one located?
",Rockport,Johan City,Rockport,Goodwales,Amberhill,video-games,1
193,"Who created the theme song of the Super Mario Brothers game?
",Koji Kondo,Nobuo Uematsu,Koji Kondo,Yasunori Mitsuda,Shigeru Miyamoto,video-games,1
194,"Shigeru Miyamoto constructed the arcade game Donkey Kongs music himself, using an Electronic Keyboard.
",True,True,False,,,video-games,1
195,"The core of this gaming console, released in 1977, was combined with a display and sound chip known as the TIA, for Television Interface Adaptor.  The console was capable of producing 2 channel mono sound.
",Atari 2600,Sega Master System,Intellivision,Atari 2600,Nintendo Entertainment System (NES),video-games,1
196,"The sound chip of the Commodore 64 home computer, released in 1982, was very advanced for its time.  It had three channels with several different waveforms, which could reach 8 different octaves each (approximately 16 - 4000 Hz).  Name the chip.
",Sound Interface Device,Sound Interface Disk,Sound Interface Component,Sound Interface Device,Sound Interface Chip,video-games,1
197,"My rogue in the game Dungeons and Dragons wants to use a wand of Greater Invisibility. In order to do this he must make a Use Magic Device check at what Difficulty Class?
",20,25,30,20,15,video-games,1
198,"Which of the listed bonuses in the game Dungeons and Dragons stacks?
",Dodge,Dodge,Enchantment,Armor,Divine,video-games,1
199,"Which of these feats does not prevent attacks of opportunity in one form or another in the role-playing game Dungeons and Dragons?
",Flyby Attack,Spring Attack,Flyby Attack,Improved Unarmed Strike,Improved Trip,video-games,1
200,"Which Knowledge Skill would allow you to determine the type of Giant you are facing in Dungeons and Dragons?
",Nature,Dungeoneering,Religion,Arcane,Nature,video-games,1
201,"In the game Dungeons and Dragons, a character with 5 ranks in Bluff gains a +2 synergy bonus to all these skills but one. Which is the odd one?
",Gather Information,Diplomacy,Intimidate,Sleight of Hand,Gather Information,video-games,1
202,"Which of these is not a correct entrance requirement to join the Assassin Prestige Class in Dungeons and Dragons?
",Disguise 8 ranks,Disguise 8 ranks,Move Silently 8 ranks,Hide 8 ranks,Alignment: Any evil,video-games,1
203,"In the game Dungeons and Dragons, Aamonks Ki Strike ability evolves in what order?
","Magic, Lawful, Adamantine","Magic, Adamantine, Lawful","Lawful, Magic, Adamantine","Magic, Lawful, Adamantine","Adamantine, Magic, Lawful",video-games,1
204,"In Dungeons and Dragons, the Tumble Difficulty Class needed to kip up, according the Complete Adventurer book, is what?
",35,30,35,40,25,video-games,1
205,"Which class in Dungeons and Dragons does not get evasion?
",Barbarian,Monk,Rogue,Ranger,Barbarian,video-games,1
206,"Of the choices for a Rangers favored enemy in Dungeons and Dragons, which number is immune to sneak attacks?
",5,6,4,3,5,video-games,1
207,"How many golden skulltulas could you get as child Link out of the whole game The Legend of Zelda: Ocarina of Time?
",35,35,10,20,30,video-games,1
208,"How many heart pieces can you get as adult Link in the game The Legend of Zelda: Ocarina of Time?
",24,5,24,20,10,video-games,1
209,"In the video game The Legend of Zelda: Ocarina of Time, what are the two places where you can get the hylian shield?
",Kakariko Graveyard and Hyrule town market.,lake Hylia and Hyrule castle.,Haunted Wasteland and Zoras domain.,Goron city and Kokiri forest.,Kakariko Graveyard and Hyrule town market.,video-games,1
210,"In The Legend of Zelda: Ocarina of Time, how many items do you get that are improved later in the game?
",four,one,six,three,four,video-games,1
211,"In The Legend of Zelda: Ocarina of Time, how many items do you trade to get the Biggorons sword?
",9,11,7,10,9,video-games,1
212,"In the video game The Legend of Zelda: Ocarina of Time, Link wore tunics in three colors. They were green, red and yellow.
",False,False,True,,,video-games,1
213,"How many hidden fairy fountains are there in the game The Legend of Zelda: Ocarina of Time, not counting the great fairies?
",6,3,5,6,2,video-games,1
214,"Which of the following is NOT a character class in World of Warcraft?
",Blood-Elf,Warlock,Paladin,Blood-Elf,Druid,video-games,1
215,"Which of the following races cannot play a Hunter in World of Warcraft?
",Gnome,Draenei,Gnome,Dwarf,Tauren,video-games,1
216,"The Horde and the Alliance are the two playable factions in World of Warcraft.
",True,True,False,,,video-games,1
217,"In World of Warcraft, it is possible to fly from Theramore to Stormwind.
",False,True,False,,,video-games,1
218,"In World of Warcraft, it is sometimes necessary to fight other groups of players inside an instance.
",False,False,True,,,video-games,1
219,"Which of the following is not a realm type in World of Warcraft?
",RP,PvP,RP,RP-PvP,Normal,video-games,1
220,"What is the Iron Maiden song performed in Guitar Hero 3?
",The Number of the Beast,The Metal,Enter Sandman,One,The Number of the Beast,video-games,1
221,"Who sings Slow Ride, one of the songs included in Guitar Hero 3?
",Foghat,Foghat,Metallica,ZZ Top,Sonic Youth,video-games,1
222,"What song by Tenacious D appeared in the video game Guitar Hero 3?
",The Metal,Lou,Bulls On Parade,Anarchy in the U.K.,The Metal,video-games,1
223,"Tom Morello is a member of the band Sonic Youth.
",False,True,False,,,video-games,1
224,"What is the first place you get a gig at on Guitar Hero 3?
",Backyard Bash,Fenway Park,Backyard Bash,Yankee Stadium,Mitchs Moose Lounge,video-games,1
225,"What is the way to evolve the pokemon Tangela to tangrowth in the Diamond and Pearl Pokemon series?
",Level it up after learning ancient power.,Level it up after learning ancient power.,Trade it while holding a growth incense.,Use a leaf stone on it.,Level it up.,video-games,1
226,"How do you evolve Rhydon into Rhyperior in the Diamond and Pearl Pokemon series?
",Trade Rhydon up while holding a protector.,Level Rhydon up.,Trade Rhydon up while holding a hard stone.,Trade Rhydon up while holding a protector.,Trade Rhydon.,video-games,1
227,"In what way can you evolve the pokemon Gilgar into Gliscor in the Diamond and Pearl Pokemon series for Nintendo DS?
",None of these,Trade it.,Trade it holding a razor fang.,None of these,Level up.,video-games,1
228,"How do you evolve an Electabuzz into an Electrivire in the Diamond and Pearl Pokemon series?
",Trade it while holding a electrizer.,None of these,Trade it while holding a electrizer.,Give it a electrizer.,Train it while holding a electrizer.,video-games,1
229,"In Pokemon Diamond and Pearl, in what way do you evolve a Porygon2 into a Porygon-Z?
",Give it a dubious disc and trade it.,Give it an upgrade and trade it.,Give it a tech disc and trade it.,Level it up.,Give it a dubious disc and trade it.,video-games,1
230,"What is the way to evolve a Yanma into a Yanmega in the Diamond and Pearl Pokemon series for Nintendo DS?
",At level 33 let Yanma learn anchient power.,At level 33 let Yanma learn rollout.,At level 33 let Yanma learn silver wind.,None of these,At level 33 let Yanma learn anchient power.,video-games,1
231,"Which of these is the correct way to evolve a Kirlia into a Gallade in Pokemon Diamond and Pearl?
",None of these,Use a dawn stone on Kirlia.,Trade Kirlia.,Use a dawn stone on a female Kirlia.,None of these,video-games,1
232,"In what way can you evolve the pokemon Snorunt into a Frosslass in the Diamond and Pearl Pokemon series for Nintendo DS?
",Use a dawn stone on a female Snorunt.,Use a dawn stone on a male Snorunt.,Use a shiny stone on a male Snorunt.,Use a dawn stone on a female Snorunt.,Use a shiny stone on a females Snorunt.,video-games,1
233,"How do you evolve a Dusclops into a Duskinoir in Pokemon Diamond and Pearl?
",Trade a Dusclops that is holding a reapers cloth.,Trade a Dusclops.,Train Dusclops at night.,Trade a Dusclops that is holding a reapers cloth.,None of these,video-games,1
234,"At what location does the PS2 role-playing game Final Fantasy X start?
",Zanarkand,Zanarkand,Mt. Gagazet,Besaid,Kilika,video-games,1
235,"Which other team member do you meet first in the PS2 game Final Fantasy X?
",Auron,Rikku,Kimhari,Auron,Yuna,video-games,1
236,"In Final Fantasy X, where does Yuna perform her first Sending?
",Kilika,Kilika,Besaid,DjosÃ©,Home,video-games,1
237,"In Final Fantasy X, when you enter the Farplane in Guadosalam to talk to Yunas father, Auron stays behind because he is scared of confronting Jecht.
",False,True,False,,,video-games,1
238,"Which of these is not a blitzball team from the PS2 game Final Fantasy X?
",Ronso Rovers,Guado Glories,Besiad Aurochs,Ronso Rovers,Luca Goers,video-games,1
239,"In Final Fantasy X, where do you get each of the following aeons respectively: Ifrit, Shiva, Yojimbo, Valefor, Magus Sisters, Ixion?
","Kilika, Macalania, Calm Lands, Besaid, Requiem, Djose","Djose, Requiem, Besaid, Macalania, Calm Lands, Kilika","Kilika, Macalania, Calm Lands, Besaid, Requiem, Djose","Macalania, Kilika, Calm Lands, Gagazet, Requiem, Djose.","Kilika, Djose, Calm Lands, Requiem, Besiad, Macalania",video-games,1
240,"Where is Maester Seymour the final time you have to fight him in the PS2 role-playing game Final Fantasy X?
",In the Sea of Sorrows inside Sin,On top of Mt. Gagazet,On the Highroad in Bevelle,Outside Besaid,In the Sea of Sorrows inside Sin,video-games,1
241,"According to Final Fantasy X, what does this sentence in the Al Bhed language translate to: Xna ehi ayo degurk e wouj?
",Why are you taking a quiz?,How can you ignore a call?,Did you see Tidus swim?,Why not see snakes a rule!,Why are you taking a quiz?,video-games,1
242,"In Yunas speech at the end of Final Fantasy X, what phrase is an almost direct reference to Tidus?
",The dreams that have faded,The friends who have gone,Stand by your friends,The dreams that have faded,Life is a game of blitzball,video-games,1
243,"What does Sarias Song do in Legend of Zelda Ocarina of Time?
",Enables you to talk to Saria,Enables you to fly,Teleports you to the Hyrule Castle,Teleports you anywhere,Enables you to talk to Saria,video-games,1
244,"In Legend of Zelda Majoras Mask you are transformed into a Zora by Ganondorf.
",False,True,False,,,video-games,1
245,"Is it true that in Legend of Zelda Twilight Princess, after you get the Master Sword you can transform into a wolf any time you like?
",Yes,No,Yes,,,video-games,1
246,"Is it true that in Legend of Zelda and the Wind Waker, after you beat the game you can make a new file and not get Links green clothing?
",Yes,Yes,No,,,video-games,1
247,"In Legend of Zelda Ocarina of Time, once you pull out the Master Sword you will become older.
",True,True,False,,,video-games,1
248,"Is it true that in the whole Legend of Zelda series, the currency is rupees?
",Yes,Yes,No,,,video-games,1
249,"Where can you find the Spiritual Gem of Water in Legend of Zelda and the Ocarina of Time?
",Zoras Domain,Deku Tree,Zoras Domain,Death Moutain,Sky World,video-games,1
250,"What game console is the strategy video game Thrillville available on?
",Xbox/PSP/PS2,DS/Gamecube/PS3,Xbox/PSP/PS2,PSP/PS3/PS2,PS3/PS2/DS,video-games,1
251,"In the strategy video game Thrillville, there are 4 categories in the park menu.
",False,False,True,,,video-games,1
252,"Can you take control of your staff members in the Thrillville video game strategy?
",Yes,No,Yes,,,video-games,1
253,"In the simulation and strategy Thrillville, what is the best way to increase your attraction meter?
",Play the flirt mini-game,Play the flirt mini-game,Talk with the person,A challenge the person to a mini-game off,Ride rides together,video-games,1
254,"The video game Thrillville is rated T by the Entertainment Software Rating Board (ESRB).
",False,False,True,,,video-games,1
255,"In the Thrillville strategy video game you cant make money off of mini-games.
",False,False,True,,,video-games,1
256,"In the Thrillville video game, can you make money off of playing mini-golf?
",Yes,Yes,No,,,video-games,1
257,"You suck up trash by using a vacuum gun in the Thrillville video game.
",True,False,True,,,video-games,1
258,"Who are the people that save the gang from Tabuu in Super Smash Bros. Brawl?
","Ness, King Dedede, Luigi, Kirby","Ness, King Dedede, Luigi, Kirby","Mario, Luigi, Pit, Bowser",Nobody saves them.,"R.O.B., Lucario, Snake",video-games,1
259,"How many rooms are there in the Great Maze in Super Smash Bros. Brawl?
",40,There is no great maze.,126,999999,40,video-games,1
260,"What character from Super Smash Bros. Brawl was not in Super Smash Bros. Melee?
",Ike,Pikachu,Falco,Link,Ike,video-games,1
261,"Including the Melee Pokemon Stadium, how many stadiums in Super Smash Bros. Brawl are related to Pokemon?
",3,2,6,1,3,video-games,1
262,"What is the function of the the Astral Amulet in the computer game Chrono Cross?
",Serves as a key to open  dimension ports to other worlds,Serves as a key to open  dimension ports to other worlds,To see the future,Makes you invisible,Upgrades your weapons,video-games,1
263,"In the computer game Chrono Cross, the water dragon gives you what ability?
",Ice Breath,Ice Breath,Fire attack,Blizzard storm,Water attack,video-games,1
264,"Who made the following statement in the game Chrono Cross: I love you so much... That is why I sometimes desire to smash you to bits!!!?
",Fate,Fate,Kid,Lynx,Sarge,video-games,1
265,"Which of these songs from the Chrono Cross soundtrack is on the sound clip?
",Radical Dreamers,Garden of the Gods,Radical Dreamers,Frozen Flame,Dream of  the Shore Near Another World,video-games,1
266,"Which Chrono Cross character delivered the following words: In your eyes, I perceive both the look of a beauty  and the look of a beast.?
",Fortune Teller,Harle,Kid,Fortune Teller,Serge,video-games,1
267,"Listen to the sound clip and name the song from the Chrono Cross soundtrack.
",Dreamwatch of time,Dreamwatch of time,Radical Dreamers,Time Scar,Dragon Knight,video-games,1
268,"Is Gyarados a water and flying type of Pokemon?
",Yes,No,Yes,,,video-games,1
269,"What type of Pokemon is Sableye?
",Ghost dark,Ghost,Ghost dark,Ghost psychic,Ghost poison,video-games,1
270,"What type of Pokemon is Tyranitar?
",Rock dark,Rock dark,Ground dark,Ground,Ground rock,video-games,1
271,"Gengar is a ghost dark type of Pokemon.
",False,False,True,,,video-games,1
272,"Is the Pokemon Togekiss flying and normal type of Pokemon?
",Yes,No,Yes,,,video-games,1
273,"Does the Pokemon Empolean belong only to the water type of Pokemon?
",No,Yes,No,,,video-games,1
274,"Is Typlosion only a fire type of Pokemon?
",Yes,No,Yes,,,video-games,1
275,"In the online game RuneScape, you can wear rune platebody without doing the quest Dragonslayer.
",False,True,False,,,video-games,1
276,"In the game RuneScape, big bones get your prayer level up higher than dragon bones.
",False,True,False,,,video-games,1
277,"Name the RuneScape character who is the duke of Lumberidge.
",Horacio,Horacio,Haracio,Roald,Royald,video-games,1
278,"In the RuneScape game, you have to be level 85 to mine rune.
",True,False,True,,,video-games,1
279,"In RuneScape, green dragonhide is better than black dragonhide.
",False,True,False,,,video-games,1
280,"In the game RuneScape, wearing Zamorack armour requires this level.
",40,50,40,35,99,video-games,1
281,"At the start of the RPG game Final Fantasy VIII, which characters are shown in the opening movie?
","Squall, Seifer, Rinoa, Edea","Squall, Seifer, Rinoa, Edea","Squall, Rinoa","Squall, Seifer, Quistis","Zell, Selphie, Squall",video-games,1
282,"What is inside the lamp given to you by Headmaster Cid before your first official SEED mission in the role-playing game Final Fantasy VIII?
",Diablos,Ethers,Ifrit,Potions,Diablos,video-games,1
283,"In Final Fantasy VIII, what is Seifers romantic dream?
",To be Edeas knight,To be Edeas knight,To marry Selphie,To date Rinoa,To go on holiday with Ade,video-games,1
284,"Did Quistis Trepe from Final Fantasy VIII have a group of admirers called the Trepies?
",Yes,No,Yes,,,video-games,1
285,"What did Squall say to the torturer in D-District Prison about SEED in Final Fantasy VIII?
",They want to plant flowers and then invade the countries.,They want to kill as many Galbadians as possible.,They want to nuke the planet and fly to a sanctuary.,They want to plant flowers and then invade the countries.,They want to master as many GFs as possible.,video-games,1
286,"Which two characters played Rock, Paper, Scissors in the role-playing game Final Fantasy VIII?
",The Brothers,Seifer and Squall,Adel and Edea,The Brothers,Squall and Zell,video-games,1
287,"In the last fight of the role-playing game Final Fantasy VIII, who does Ultimecia summon?
",Griever,None of these,Rinoa,Ultima Weapon,Griever,video-games,1
288,"In the game Animal Crossing, the players must work part-time for the character who gives them their first house.
",False,False,True,,,video-games,1
289,"In the video game Animal Crossing the player can dig up fossils.
",True,False,True,,,video-games,1
290,"Which of these is not included in the game Animal Crossing?
",A barbers shop.,A tailors shop,A dump,A museum,A barbers shop.,video-games,1
291,"In the game Animal Crossing your character may have horns.
",True,False,True,,,video-games,1
292,"Can you have pets in the game Animal Crossing?
",Yes,No,Yes,,,video-games,1
293,"Can you have two houses in the Nintendo game Animal Crossing?
",No,No,Yes,,,video-games,1
294,"What can you have in your house in the game Animal Crossing?
",A basement,Rats,A mailbox,A roller-coaster,A basement,video-games,1
295,"Can you own a shop in the game Animal Crossing?
",No,Yes,No,,,video-games,1
296,"The seasons in the game Animal Crossing change as the seasons actually change in real life.
",True,True,False,,,video-games,1
297,"In Runescape, what creature lives in the basement of Draynor Manor?
",a vampire,a vampire,a witch,a werewolf,a zombie,video-games,1
298,"What is the highest level your character can go up to in the Runescape game for non-members?
",126,99,126,113,It never ends,video-games,1
299,"In Runescape, you must have level 40 defence to wear adamant armor.
",False,True,False,,,video-games,1
300,"What fruit grows on Karmaja in the Runescape video game?
",bananas,peaches,oranges,apples,bananas,video-games,1
301,"What item do you obtain from the 2006 Runescape Christmas Special?
",a reindeer hat,a pair of Santas magical boots,a reindeer hat,a Santa hat,a polar bear suit,video-games,1
302,"Can you kill demons in a non-members world of Runescape?
",Yes,Yes,No,,,video-games,1
303,"Can you wear goblin mail in Runescape?
",No,Yes,No,,,video-games,1
304,"In Runescape, you must have a level of 99 on any skill to get a Skill Cape.
",True,False,True,,,video-games,1
305,"Sasuke, one of the main characters in the anime series Naruto, is branded with a cursed seal.
",True,True,False,,,video-games,1
306,"Which of these anime characters can use the technique, known as Rasengan?
",Naruto,Kakashi,Lee,Tenten,Naruto,video-games,1
307,"What did anime character Sasuke say when he received the cursed seal?
",Im an avenger.,Ill destroy your whole clan.,Im an avenger.,With this power Ill brake every bone in your body.,You are dead.,video-games,1
308,"Fictional character Naruto killed Gaara.
",False,False,True,,,video-games,1
309,"What is Narutos favorite food?
",ramen,tomatoes,pizza,brocoli,ramen,video-games,1
310,"Who taught Sasuke the Chidori technique in the Naruto series?
",Kakashi,Naruto,Itachi,Kakashi,Orochimaru,video-games,1
311,"What technique in the Naruto series was created by Kakashi?
",Chidori,Primary lotus,Rasengan,Leaf whirlwind,Chidori,video-games,1
312,"What does Naruto dream of being in the self-titled anime series?
",hokage,hokage,real estate salesman,singer,a pizza man,video-games,1
313,"What Naruto character was initially infatuated with Sasuke?
",Sakura,Ino,None of these,Sakura,Hinata,video-games,1
314,"You get the P90 weapon at what level in Call of Duty 4?
",40,37,43,34,40,video-games,1
315,"How many different weapons are there in Call of Duty 4?
",29,30,29,17,22,video-games,1
316,"You can go into 15 Prestiges on XBox Livve.
",False,False,True,,,video-games,1
317,"In Call of Duty 4 you can run around with your knife and kill as many people as you want with it.
",False,False,True,,,video-games,1
318,"The Barret .50 Caliber is the most powerful sniper rifle in the game Call of Duty 4.
",True,True,False,,,video-games,1
319,"How many skins for the weapons are there in Call of Duty 4?
",6,5,6,3,1,video-games,1
320,"If you shoot a person in the head in the game Call of Duty 4, they can survive.
",True,False,True,,,video-games,1
321,"Which of these is not a stage in the first game of Banjo and Kazooie for Nintendo 64?
",Cloud Cuckooland,Gobis Valley,Mumbos Mountain,Cloud Cuckooland,Freezeezy Peak,video-games,1
322,"In the adventure video game Banjo-Kazooie, how many turtles are in Tiptups choir?
",6,7,6,5,8,video-games,1
323,"In Gobis Valley from the Banjo-Kazooie adventure video game, how many notes are there in front of the door that you ride the magic carpet to?
",5,3,5,9,7,video-games,1
324,"In Mad Monster Mansion from the Banjo-Kazooie video game, what is the time shown on the clock above the church?
",None of these,13 oclock,None of these,The hands are moving,Midnight,video-games,1
325,"In the quiz stage of the adventure video game Banjo-Kazooie, failing a question on a Grunty Space will cause the characters to fall into the lava pit.
",False,False,True,,,video-games,1
326,"Gobi is the name of the camel in Gobis Valley in the Banjo and Kazooie video game.
",True,True,False,,,video-games,1
327,"Do you need to talk to somebody in Kurast Docks in order to activate the first quest in Act III of the computer game Diablo II?
",No,No,Yes,,,video-games,1
328,"Complete the title of the 2nd quest in Act III of the computer game Diablo II:  Blade of the _____ Religion.
",Old,New,Lost,Old,Found,video-games,1
329,"In the third quest of Act III in Diablo II, how many items must be retrieved?
",4,4,1,5,2,video-games,1
330,"Who must you talk to, in order to activate the Lam Esens Tome quest in the computer game Diablo II?
",Alkor,Asheara,Ormus,Deckard Cain,Alkor,video-games,1
331,"The 5th quest in Act III of Diablo II is activated by Ormus, only if you are able to find this place.
",Travincal,Kurast Bazaar,Durance of Hate,Upper Kurast,Travincal,video-games,1
332,"What boss must be fought in the last quest in Act III of the computer game Diablo II?
",Mephisto,Andariel,Diablo,Baal,Mephisto,video-games,1
333,"What reward will you receive upon completing the first quest in Act IV of the game Diablo II?
",Two skill points,Free repair,Two skill points,Free potions,Two points in your attributes,video-games,1
334,"You must talk to this person in order to activate your 2nd quest in Act IV of the computer game Diablo II.
",Deckard Cain,Tyrael,Halbu,Jamella,Deckard Cain,video-games,1
335,"What is the title of the last quest in Act IV of the computer game Diablo II?
",Terrors End,Diablo: Lord of Terror,Revenge,Terrors End,Restoration of Goodness,video-games,1
336,"Which one of these songs is NOT in the final section of Guitar Hero III, Lous Inferno?
",Stricken,Stricken,Raining Blood,One,The Number of the Beast,video-games,1
337,"You must beat Guitar Hero III on Expert to be able to play Through the Fire and Flames.
",False,False,True,,,video-games,1
338,"What song is unlocked after beating Tom Morello in a guitar battle in the video game Guitar Hero III?
",Bulls on Parade,Bulls on Parade,She Bangs the Drums,Schools out,Slow Ride,video-games,1
339,"After you beat Guitar Hero III on Expert, you are informed that you can really test your skill by doing this.
",playing Expert in Precision Mode,playing Expert in Precision Mode,playing people online,trying to get 5 stars on every song,battling against a friend,video-games,1
340,"On what date was the release of Call of Duty 4: Modern Warfare announced?
","April 25, 2007","April 25, 2007","March 10, 2007","June 30, 2007","June 22, 2007",video-games,1
341,"How many times can a player trade in their levels at prestige mode in the first-person shooter Call of Duty 4?
",10,11,9,10,12,video-games,1
342,"In the Xbox 360 version of Call of Duty 4, the achievement war pig is given for killing Khaled Al-Asad.
",False,True,False,,,video-games,1
343,"The AC-140 gunship has 3 different weapons and uses thermal vision in Call of Duty 4.
",False,False,True,,,video-games,1
344,"Billy Murray lends his voice to Captain Price from Call of Duty 4: Modern Warfare.
",True,False,True,,,video-games,1
345,"Who do you have to talk in order to receive your first quest after creating a character in the game Diablo II?
",Akara,Kashya,Akara,Warriv,Charsi,video-games,1
346,"What is the 2nd quest in the first chapter of the computer game Diablo II?
",Sisters Burial Grounds,The Forgotten Tower,Sisters Burial Grounds,Den of Evil,The Search for Cain,video-games,1
347,"Who must be rescued in the third quest of the game Diablo II?
",Deckard Cain,Deckard Cain,Raven,Gheed,Flavie,video-games,1
348,"What must be retrieved in the fifth quest of the first act of the computer game Diablo II?
",Horadric Malus,Horadric Headpiece,Horadric Staff,Horadric Cube,Horadric Malus,video-games,1
349,"What is the last quest in Chapter I of the computer game Diablo II?
",Sisters to the Slaughter,Sisters to the Slaughter,Fathers to the Slaughter,Brothers to the Slaughter,Mothers to the Slaughter,video-games,1
350,"Who must be defeated in the first quest of the second chapter of the computer game Diablo II?
",Radament,Radament,Duriel,Tal Rasha,Summoner,video-games,1
351,"Which item must be formed, to succeed in the second quest of Chapter II of the computer game Diablo II?
",Horadric Staff,Horadric Malus,Horadric Shaft,Horadric Headpiece,Horadric Staff,video-games,1
352,"What is your objective of the 4th quest of Chapter II in the game Diablo II?
",to get the Journal,to kill the Summoner,to kill all monsters in the Arcane Sanctuary,to open the portal to the Kurast Docks,to get the Journal,video-games,1
353,"Who must be killed in the 5th quest in Chapter II of  Diablo II?
",Summoner,Hell Clan,Summoner,Ghoul Lord,Specter,video-games,1
354,"Who must be saved in the last quest in Chapter II (The Seven Tombs) of the computer game Diablo II?
",Tyrael,Tyrael,Ormus,Jamella,Halbu,video-games,1
355,"Name Master Chiefs partners in the video game Halo 1.
",Green Horns,Alienators,Alien Hunters,Green Toads,Green Horns,video-games,1
356,"Name the aliens with the shields in the game Halo 1.
",Jackals,Hunters,Jackals,Grunts,Elites,video-games,1
357,"You start out with a weapon in the first level of Halo 1.
",False,True,False,,,video-games,1
358,"What is the name of the Halo 1 aliens with plasma cannons?
",Hunters,Hunters,Grunts,Elites,Jackals,video-games,1
359,"What are the smallest aliens you face in the video game Halo 1?
",Grunts,Jackals,Hunters,Elites,Grunts,video-games,1
360,"These aliens are the protectors of halo in the video game Halo 1.
",Elites,Jackals,Hunters,Elites,Grunts,video-games,1
361,"Master Chief is the protagonist of the Halo video game.
",True,True,False,,,video-games,1
362,"What is the name of Samus enemies common to nearly every Metroid video game
",Space Pirates,Space Pirates,The Federation,The Chozo,X Parasites,video-games,1
363,"What is the name of the suit Samus starts out with in almost every Metroid video game?
",Varia Suit,Power Suit,Gravity Suit,Varia Suit,Phazon Suit,video-games,1
364,"What word is always attached to the names of the shots that come from Samus arm-mounted gun in the Metroid video game?
",Beam,Beam,Rocket,Gun,Launcher,video-games,1
365,"What type of character is Samus from the Metroid video game?
",Human Female,Chozo Male,Human Male,Luminoth Female,Human Female,video-games,1
366,"In the Metroid video game, what is Samus profession?
",Bounty Hunter,Professional Collector,Soldier,Pirate,Bounty Hunter,video-games,1
367,"What special abilities are unique to Metroids in the video game series Metroid?
",They can suck out your life energy.,They can suck out your life energy.,They can kill by physical contact.,They can create lifelike illusions.,They can kill by eye contact.,video-games,1
368,"Which of these is not an upgrade Samus receives in the Metroid game series?
",Grenade Launcher,Grenade Launcher,Morph Ball,Missile Launcher,Grapple Beam,video-games,1
369,"In the Metroid video game series, what species created the suit and most of the upgrades available to Samus?
",The Chozo,The Lords of Science,The Chozo,The Luminoth,The X,video-games,1
370,"Which of these is not an ability available to Samus while in Morph Ball Mode of the Metroid video game?
",Phazon Bomb,Phazon Bomb,Bomb,Power Bomb,Boost Ball,video-games,1
371,"Naruto was first published in 1999, in this magazine.
",Weekly Shonen Jump,Weekly Shonen Run,Weekly Shonen Jump,Monthly Shonen Jump,None of these,video-games,1
372,"Who is the only female Akatsuki member in the Naruto manga series?
",Konan,Jugo,Madara,Kanan,Konan,video-games,1
373,"Who is the first ninja recruited for the fictional team Hawk?
",Suigetsu Hozuki,Suigetsu Hozuki,Shunsuke Sakuya,Sasuke Uchiha,Akeno Watanabe,video-games,1
374,"Namikaze Sateraito is the opening song for the first 22 episodes of which Naruto season?
",1,1,7,6,8,video-games,1
375,"Orochimarus Curse is the title of which volume of the Naruto manga?
",7,5,6,7,4,video-games,1
376,"Masatoshi Kazikuga is the author of two novelizations of Naruto, published in Japan and America.
",False,False,True,,,video-games,1
377,"What can you wield after the Monkey Madness Quest in RuneScape?
",Dragon Scimitar,Dragon Scimitar,Dragon Spear,Dragon Halberd,Dragon Longsword,video-games,1
378,"The RuneScape game was created by Christopher Grower.
",False,True,False,,,video-games,1
379,"Which of the following RuneScape defence armors is the best?
",Veracs (full),Dragon (full),Guthans (full),Dharoks (full),Veracs (full),video-games,1
380,"When was the first version of RuneScape released to the public?
",January 4th 2001,"July 4th, 2003",Febuary 8th 1998,January 4th 2001,June 5th 2001,video-games,1
381,"RuneScape is set in the fantasy-themed realm of Gielinor.
",True,True,False,,,video-games,1
382,"The creator of RuneScape was helped by his cousin, Joel, in developing the game.
",False,True,False,,,video-games,1
383,"What was RuneScape originally named?
",DeviousMUD,DeviousMUD,Runeworld,DeviousWOF,RuneLand,video-games,1
384,"What is the name of the evil god in RunesSape whose rival is Saradomin?
",Zamorak,Guthan,Guthix,Dharok,Zamorak,video-games,1
385,"Are there members-only servers for RuneScape Classic?
",Yes,Yes,No,,,video-games,1
386,"What weapon do you wield after the Regicide Quest in RuneScape?
",Dragon hally,Dragon hally,Flaming sword of death,Dragon longsword,Dagon scimitar,video-games,1
387,"Ash Ketchum, the main protagonist in the PokÃ©mon anime, is loosely based on what other character?
",Red,Blue,Green,Red,Yellow,video-games,1
388,"In what way can you evolve the Pokemon Gilgar into Gliscor in the Diamond and Pearl Pokemon series for Nintendo DS?
",none of these,none of these,train it at night,Trade it while holding a razor fang,trade it,video-games,1
389,"Celebi is a grass type Pokemon that you can find in the sinnow region.
",False,True,False,,,video-games,1
390,"Which of the following is not a game in The Last Half of Darkness series?
",The Last Half of Darkness: New Ways to Die,The Last Half of Darkness 3,The Last Half of Darkness: Shadows of the Servants,The Last Half of Darkness VGA,The Last Half of Darkness: New Ways to Die,video-games,1
391,"Which of these is not the title of an actual PC game?
",Last Warrior of Orion,Power Rangers Time Force,Last Warrior of Orion,Master of Magic,Archon Ultra,video-games,1
392,"Which of the following is part of the game Archon Ultra?
",Valkyrie,Valkyrie,Black Knight,Witch,Orc,video-games,1
393,"In the Last Half of Darkness series, there is a Last Half of Darkness III VGA.
",False,False,True,,,video-games,1
394,"Which of these horror movie based games isnt a PC game?
",Blade,The Mist,Alien Trilogy,Blade,Clive Barkers Undying,video-games,1
395,"Which of these games was not developed by New World Computing?
",X-COM: UFO Defense,Heroes of Might and Magic,Planets Edge,Might and Magic,X-COM: UFO Defense,video-games,1
396,"Which of the following is not an adventure game?
",Raptor: Call of the Shadows,Dragon Lore: The Legend Begins,Raptor: Call of the Shadows,The Nine Lives of the Secret Agent Katt,7th Guest,video-games,1
397,"What type of game is Power Rangers Time Force?
",All of these,All of these,3D Action game,Mini-game collection,2D Side-scroller,video-games,1
398,"Who created the game Last Half of Darkness?
",William R. Fisher III,Brian Moriarty,Bill Gates,William R. Fisher III,Roberta Williams,video-games,1
399,"Which of the following is not a real role-playing game?
",Last Guardian,Albion,Dungeon Master,Last Guardian,Bloodnet,video-games,1
400,"What is the name of the evil dragon in RuneScape that players have to kill in the Dragon Slayer quest?
",Elvarg,Elvarg,Delrith,Hector,Verac,video-games,1
401,"In the RuneScape game, on the Construction Skillcape emote, the character performing the emote does which of the following?
",Builds a small house around himself,Builds a small house around himself,Hammers down nails on a board,Makes a workbench with a saw,Builds a bridge,video-games,1
402,"To equip Barrows armour and weapons in RuneScape, you must have an attack and defence level 70.
",True,True,False,,,video-games,1
403,"Is it true that in the RuneScape game, goblins can be found only in Goblin Village and Goblin Cave?
",No,No,Yes,,,video-games,1
404,"In the RuneScape game, you need to have 80 defence to use Guthix armor.
",False,False,True,,,video-games,1
405,"What was the reward in RuneScapes 2008 Easter Seasonal Event?
",a chocatrice cape that turns you into a wrapped egg,a chocolate sword that you can eat off of 3 times a day healing 10hp,a chocatrice cape that turns you into a wrapped egg,Easter bunny ears that make your speed increase,a giant cookie,video-games,1
406,"In the mime random event in RuneScape, the object is to identify all the mime emotes and get a reward afterwards.
",True,True,False,,,video-games,1
407,"To start the Demon Slayer Quest in RuneScape, you must talk to which one of these?
",The Gypsy,a dwarf,The Gypsy,Sir Vyrinn,The duke of Lumbridge,video-games,1
408,"In what RuneScape quest do you have to use a friend from the opposite gang?
",Shield of Arrav,Dragon Slayer,Shield of Arrav,Vampire Slayer,Romeo and Juliet,video-games,1
409,"In the game Super Mario Kart, how many coins do you receive for placing 1st in a single race?
",9,15,9,10,12,video-games,1
410,"Do players have lives in the racing game Super Mario Kart?
",Yes,Yes,No,,,video-games,1
411,"In the game Super Mario Kart, what does the mushroom item do to the racer?
",gives the racer a short burst of speed,poisons the racer so they cant steer correctly,gives the racer a short burst of speed,makes the racer large to run over other racers,slows the racer so they dont go as fast,video-games,1
412,"All of the following cups are in the game Super Mario Kart, except which one of these?
",Lightning cup,Star cup,Mushroom cup,Special cup,Lightning cup,video-games,1
413,"The feather item in the game Super Mario Kart helps the racer by jumping.
",True,True,False,,,video-games,1
414,"In the Flower cup, in the game Super Mario Kart, on which track do you start?
",Choco Island,Donut Plains 2,Choco Island,Koopa Beach 1,Mario Circuit 1,video-games,1
415,"In Super Mario Kart, the green shell is a heat-seeking missile.
",False,False,True,,,video-games,1
416,"In the game Super Mario Kart, for the Super Nintendo, it is possible to fall off the track.
",True,True,False,,,video-games,1
417,"All of the following are items used in the game Super Mario Kart, for the Super NES, except which one of the following?
",blue shell,coins,banana peel,ghost,blue shell,video-games,1
418,"On the Nintendo 64 version of Mario Kart, Wario replaced which of the following playable characters from the Super NES version?
",Koopa Troopa,Princess Peach,Koopa Troopa,Donkey Kong,Yoshi,video-games,1
419,"There is a PC port in the first three Timesplitters games.
",False,False,True,,,video-games,1
420,"How many of the following Power Rangers games are for PC: Power Rangers; Power Rangers: Lightspeed Rescue; Power Rangers: Super Legends; Power Rangers Zeo Versus the Machine Empire; Power Rangers: Ninja Storm Double Pack?
",5,5,4,2,1,video-games,1
421,"Excluding collections, how many Might and Magic games were released from 1986 to 2002?
",11,11,9,10,7,video-games,1
422,"In Might and Magic 8, which of these classes are unselectable for the main character?
",Dragon,Vampire,Dark Elf,Knight,Dragon,video-games,1
423,"Joe Satriani was given a special thanks in B.A.T. II.
",True,False,True,,,video-games,1
424,"In which of these games does the player take the role of Kirt?
",Shadowcaster,Marvel: Ultimate Alliance,Quest for Glory,Freedom Force,Shadowcaster,video-games,1
425,"Which of these games is rogue-like?
",Ancient Domains of Mystery,Neverwinter Nights,Baldurs Gate,The Elder Scrolls 4 Obvilion,Ancient Domains of Mystery,video-games,1
426,"How many races are there in Star Wars: Galactic Battlegrounds? (With expansion)
",8,12,7,8,6,video-games,1
427,"What do you transform into in stage 4 of Altered Beast?
",Weretiger,Werewolf,Werebear,Weredragon,Weretiger,video-games,1
428,"Which of these games isnt an action/adventure hybrid?
",Grand Theft Auto,Grand Theft Auto,Kings Quest: Mask of Eternity,The Nine Lives of the Secret Agent Katt,The Adventures of Maddog Williams,video-games,1
429,"Who is the protagonist of the PC game Blood?
",Caleb,Ellen Ripley,Hugo,Blake Stone,Caleb,video-games,1
430,"Which of these isnt a game from the Hugo series?
",Hugos Castle of Death,Hugos Castle of Death,Hugos House of Horror,Nightmare 3D,Whodunit?,video-games,1
431,"Name the odd game.
",Archon,The Terminator,Doom,Twilight 2000,Archon,video-games,1
432,"Which of these games was not developed by Blizzard?
",Hammer of the Gods,Blackthrone,Diablo,The Lost Vikings,Hammer of the Gods,video-games,1
433,"Which of these games was developed by New World Computing?
",Planets Edge,Pizza Tycoon,Planets Edge,Blackthrone,One Must Fall 2097,video-games,1
434,"Which of these isnt a Sega collection for PC?
",Sega Genesis Collection,Sega Genesis Collection,Sonic 3 and Knuckles,Sega Smash Pack,Sonic Adventure DX: Directors Cut,video-games,1
435,"In the Nancy Drew conputer games, Nancy Drews trusty sidekicks are cousins George Fayne and this slightly plump blonde.
",Bess,Jenny,Beth,Bess,Tess,video-games,1
436,"These two detective brothers appear several times in the Nancy Drew computer games to help Nancy solve mysteries.
",Frank and Joe,Frank and Joe,Frank and Moe,Fred and Joseph,None of these,video-games,1
437,"What was the very first Nancy Drew computer game?
",Secrets Can Kill,Treasure in the Royal Tower,Secrets Can Kill,Message in a Haunted Mansion,Secret of the Old Clock,video-games,1
438,"What did Nancy Drew find along with a message in the computer game Message in a Haunted Mansion?
",A shark tooth,A piece of glass,A bat wing,She did not find anything along with the note.,A shark tooth,video-games,1
439,"In which of these computer games did Nancy Drew wake up in the middle of the night because of a nightmare?
",Ghost of Blackmoor Manor,Creature of Kapu Cave,Secrets Can Kill,She never had a nightmare.,Ghost of Blackmoor Manor,video-games,1
440,"Which of these characters appears in the Nancy Drew computer game Lights, Camera, Curses!?
",Molly McOwens,Rick Arlen,None of these,Molly McOwens,Sally McDonald,video-games,1
441,"In the computer game Warnings at Waverly Academy, what was pictured on Nancy Drews cabin door?
","Mr. Mingles, the cat","Mr. Mingles, the cat",A butterfly with you and your roommates names in it,it was blank,The Waverly Academy crow,video-games,1
442,"Rick Arlen is known as an arrogant television star from Stay Tuned for Danger, but his picture appears in what place in another Nancy Drew game?
",In a briefcase,His picture never appears in another game,In a briefcase,In a bottle,In a bedside picture frame,video-games,1
443,"The wolf in the computer game White Wolf of Icicle Creek was named Isis.
",True,False,True,,,video-games,1
444,"In the computer game The Final Scene, a flashing ring gave Nancy Drew the opportunity to save a friend.
",True,True,False,,,video-games,1
445,"In the Nancy Drew computer game Ghost Dogs of Moon Lake, what is the rangers last name?
",Smith,Smith,Wilkinson,Madison,His last name was never revealed,video-games,1
446,"When you first start Wonderland Online, where do you find yourself?
",On a ship,On a ship,On an island,On a dock,In a volcano,video-games,1
447,"When your raft gets washed up, what is the place it lands (for the first time) in the game Wonderland Online?
",Starter Beach,Beginners Island,Tutorial Ridge,Starter Beach,Newbie Point,video-games,1
448,"Which one of these is not a jelly monster you can find on North Island in the game Wonderland Online?
",Pear,Pineapple,Pear,Kiwi,Grape,video-games,1
449,"In Wonderland Online, which of these makes your level go up?
",Killing monsters,Killing monsters,Fishing,Setting up shops,Compounding items,video-games,1
450,"You can ride beasts that you capture in the game Wonderland Online.
",True,True,False,,,video-games,1
451,"In Wonderland Online it is possible to have a dinosaur as a pet.
",True,False,True,,,video-games,1
452,"What game starts when you talk to some fierce rabbits at Kelan Village in Wonderland Online?
",Reaction,Operation,Situation,Conversation,Reaction,video-games,1
453,"What does a mermaid at North Island ask you to fetch for her as a quest in the game Wonderland Online?
",A shell,Her true love,Her will,A message in a bottle,A shell,video-games,1
454,"How many characters in Super Smash Bros Brawl have the Final Smash Attack of Landmaster?
",3,none,3,2,4,video-games,1
455,"How many characters are there at the beginning of Super Smash Bros Brawl?
",20,19,15,21,20,video-games,1
456,"How many Super Smash Bros Brawl characters have 2+ characters in their team?
",5,6,5,4,3,video-games,1
457,"How many bosses are there in Subspace Emissary in Super Smash Bros Brawl?
",8,10,9,8,5,video-games,1
458,"What are the bosses in the first Metroid game?
","Ridley, Kraid, Mother Brain","Alpha Metroid, Gamma Metroid, Zeta Metroid, Omega Metroid, Queen Metroid","Ridley, Mother Brain, Queen Metroid","Ridley, Kraid, Mother Brain","Ridley, Kraid, Queen Metroid",video-games,1
459,"Chronologically what is the last boss Samus has faced in the Metroid series?
",Omega Metroid,Omega Metroid,Queen Metroid,Mother Brain,Aurora Unit 313,video-games,1
460,"In Metroid Prime 3: Corruption Samus fights Meta Ridley while falling down which of the following?
",Generator Shaft,Elevator Shaft,Generator Shaft,Ventilation System,Garbage Disposal,video-games,1
461,"Why is Phatoons eye his weak point in the Metroid series?
",His eye is the only thing that connects him to the material world.,He will run away if blinded.,His eye is the only thing that connects him to the material world.,His eye is his only weapon.,It is unknown.,video-games,1
462,"The Pinnacle of Project Helix is what kind of Phazon Infused Space Pirate?
",Omega Pirate,Berserker Lord,Berserker Knight,Omega Pirate,Elite Pirate,video-games,1
463,"In the Metroid series, the Vorashs weak point is its eyes.
",False,True,False,,,video-games,1
464,"The final boss of Metroid Other M on hard mode is Phantoon.
",False,True,False,,,video-games,1
465,"What is Nightmares main weapon in the Metroid series?
",Multi-laser system,Gravity Manipultain Device,Phazon Cannons,The ability to create hallucinations,Multi-laser system,video-games,1
466,"The Berserker Lord is fought twice in the Metorid series.
",True,True,False,,,video-games,1
467,"Where does the first game of the Crysis series take place?
",Lingshan Islands,Mars,Caribbean Islands,Lingshan Islands,North Korea,video-games,1
468,"Of the Crysis characters below, who is not a member of Raptor Team?
",Alcatraz,Psycho,Alcatraz,Aztec,Prophet,video-games,1
469,"What Crysis character founded C.E.L.L?
",Jacob Hargreave,Jacob Hargreave,Dr. Gould,Tara Strickland,Major Lockhart,video-games,1
470,"Which city is not a Ceph point of interest in the Crysis game series?
",Paris,London,Paris,Cairo,Hawaii,video-games,1
471,"In the Crysis games Ceph Organisms are nicknamed Stalkers.
",True,False,True,,,video-games,1
472,"What is the Typhoons Rate of Fire in the Crysis games?
",500 Rounds Per second,500 Rounds per minute,720 Rounds per second,"None, the Typhoon fires a beam that you must focus on the target",500 Rounds Per second,video-games,1
473,"You can not destroy a round from the Gravity Bomb Launcher in the Crysis games.
",False,True,False,,,video-games,1
474,"Prophet dies at the beginning of Crysis 2 .
",True,True,False,,,video-games,1
475,"In the Crysis games, Pingers do not fire at Alcatraz when he is cloaked.
",False,True,False,,,video-games,1
476,"What year was Crysis character Jacob Hargreave born?
",1896,1967,1896,2001,1919,video-games,1
477,"Which map is considered as a remake of the much loved Halo 3 map Valhalla?
",Ragnarok,Exile,Haven,Vortex,Ragnarok,video-games,1
478,"The plasma rifle is the first covenant weapon to be unlocked in the multiplayer mode of Halo 4.
",False,True,False,,,video-games,1
479,"What are the only two weapons you can use in Grifball in Halo 4 Multiplayer?
",Gravity Hammer and Energy Sword,Gravity Hammer and Energy Sword,Sniper Rifle and Binary Rifle,Rocket Launcher and Incinerator Canon,Storm Rifle and Supressor,video-games,1
480,"What is the award you get for infecting every player in Flood mode in Halo 4 Multiplayer?
",Gravemind,Hunter,Gravemind,Floodifier,Flood Master,video-games,1
481,"Which  Halo 4 Multiplayer map has a Mantis being constructed in the center of the map?
",None,Adrift,None,Ragnarok,Longbow,video-games,1
482,"You can drop weapons of your choice in Halo 4.
",True,False,True,,,video-games,1
483,"On what ship does the Halo 4 Multiplayer take place?
",UNSC Infinity,UNSC Pillar of Autumn,UNSC Infinity,UNSC Spirit of Fire,None,video-games,1
484,"The Binary Rifle in Halo 4 can only kill someone with a headshot.
",False,False,True,,,video-games,1
485,"What is the Promethean pistol called in Halo 4?
",Boltshot,Hardlight Pistol,Plasma Pistol,Light Pistol,Boltshot,video-games,1
486,"Which armor ability allows the user to see through walls in Halo 4?
",Promethean Vision,Advanced Vision googles,Promethean Vision,X-ray Vision,Heat Scanner,video-games,1
487,"What happens when you die in the 2006 Runescape Halloween Event?
",The Grim Reaper comes to claim your body.,You burst into flames of different colors.,The Grim Reaper comes to claim your body.,Saradomin reincarnates your body after you die.,nothing,video-games,1
488,"Jagex Ltd released RuneScape 3 in 2004.
",False,True,False,,,video-games,1
489,"In Runescape a chicken is a level 1 monster.
",True,False,True,,,video-games,1
490,"Zezima is the name of a Runescape player who was first ranked number 1 in 2003.
",False,False,True,,,video-games,1
491,"When were Runescape Bots introduced?
",January 2001,September 2001,January 2001,May 1997,January 1997,video-games,1
492,"How many sub-quests are there in the quest Recipe for Disaster?
",10,six,91,5,10,video-games,1
493,"The King Black Dragon was the highest level monster in Runescape until 7 September 2004, when it was replaced by which of the following?
",The Kalphite Queen,Mithril Dragon,Dust Devil,None of these,The Kalphite Queen,video-games,1
494,"Did any Runescape player manage to kill the Corporal Beast by themselves without abusing a glitch during the first year of the Beasts release?
",No,No,Yes,,,video-games,1
495,"On Tutorial Island of RuneScape you get runes from a male character.
",True,False,True,,,video-games,1
496,"Which of these RuneScape weapons is the most powerful?
",Ahrims staff,Ancient staff,Sardomin staff,Iban staff,Ahrims staff,video-games,1
497,"Which of these is the best type of RuneScape weapon for non members?
",Dragon,Rune,Granite,Barrow,Dragon,video-games,1
498,"Which of these RuneScape quests is the most difficult?
",Monkey Madness,Final Showdown of Death,Prince Ali Rescue,Monkey Madness,Dragon Slayer,video-games,1
499,"Christopher Greenfield is the creator of the RuneScape game.
",False,False,True,,,video-games,1
500,"The creator of RuneScape was helped by his cousin in developing the game.
",True,False,True,,,video-games,1
501,"Is is true that in RuneScape, the Corporeal Beast is level 311, the highest level?
",No,Yes,No,,,video-games,1
502,"Which of the following is not a place in RuneScape?
",Duel Wars,Bounty Hunter,Duel Wars,Castle Wars,Clan Wars,video-games,1
503,"Name the female character and one of the four survivors in LFD1.
",Zoey,Marylin,Zoey,Roxanne,Mimi,video-games,1
504,"What is the main difference between LFD1 and LFD2 in regard to use of weapons?
",In LFD1 there are no melee weapons like the ax or the machete.,In LFD2 you can use a flame thrower.,In LFD1 there are no melee weapons like the ax or the machete.,In LFD1 there are no pipe bombs.,In LFD2 you can throw hand grenades.,video-games,1
505,"Setting off a car alarm scares off the zombies in LFD.
",False,True,False,,,video-games,1
506,"A pipe bomb is an ideal weapon to destroy LFD zombies because it is a silent weapon and they wont hear it when you throw it among a group of them.
",False,False,True,,,video-games,1
507,"Unlike in other video or PC games you cannot save a game in LFD and then come back later to play it from where you left off.
",True,True,False,,,video-games,1
508,"Name the fictional government agency or organization that was supposed to fight the infection and evacuate people from infected areas in LFD.
",CEDA,CEDA,UNSC,PETA,USAA,video-games,1
509,"In LFD2 the Parish campaign takes place in this city.
",New Orleans,Savannah,Miami,Atlanta,New Orleans,video-games,1
510,"What is the name of fictional band featured in LFD2?
",The Midnight Riders,The Runarounds,The Rockabillies,Stagnant Water,The Midnight Riders,video-games,1
511,"What pestilence or disease caused people to turn into zombies and deformed some of them into super mutants in LFD?
",The green flu,Swines disease,The mutant virus,Nuclear malaria,The green flu,video-games,1
512,"What is the name of the race car driver encountered in the Dead Center campaign of LFD2?
",Jimmy Gibbs Jr.,Hank Buffet,Speedy Weedy,Jimmy Gibbs Jr.,Herb Gonzales,video-games,1
513,"In LFD1 the achievement known as Do Not Disturb is awarded for which of the following?
",Sneaking past all Witches in a campaign without disturbing one,Not interrupting a fellow survivor when he is busy shooting at one of the zombies,Not waking up your fellow survivors while they are sleeping in the safehouse,Not disturbing a zombie while its eating someone,Sneaking past all Witches in a campaign without disturbing one,video-games,1
514,"In LFD2 the achievement known as the CHAIN OF COMMAND is awarded for which of the following?
",Killing 100 Common Infected with the chainsaw,Tying up one of the special infected with some chain,Using a chainsaw to cut through some dense brush,Killing 100 Common Infected with the chainsaw,Whipping one of the zombies with a piece of chain,video-games,1
515,"You can add more maps and campaigns in LFD1 and LFD2.
",True,False,True,,,video-games,1
516,"In both LFD1 and LFD2, accumulating more cash than the other survivors will give you an advantage.
",False,True,False,,,video-games,1
517,"What unique Zord do the Time Force Rangers have?
",Time Shadow,Time Shadow,Last Time,Time Knight,Dark Time,video-games,1
518,"Zelda, featured in The Legend of Zelda series of video games, is what kind of character?
",The princess,The main villain,The old lady,The princess,The elfin hero,video-games,1
519,"What is the currency used in the Legend of Zelda video game series?
",Rupees,Coins,Triangles,Rings,Rupees,video-games,1
520,"Which of these is not a race featured in the Legend of Zelda video games?
",Hobbit,Zora,Hylian,Hobbit,Rito,video-games,1
521,"Which of these items is always in Links arsenal in the Legend of Zelda games?
",Boomerang,Boomerang,Wand of Gamelon,Hookshot,Magic cape,video-games,1
522,"In The Legend of Zelda series of video games Zelda possesses which piece of the Triforce?
",Wisdom,Power,Wisdom,All of them,Courage,video-games,1
523,"Is there a game called Super Mario Tennis?
",No,Yes,No,,,video-games,1
524,"There are Mario games featuring racing, baseball, soccer, tennis, and golf.
",True,False,True,,,video-games,1
525,"Which of the following characters is NOT a sidekick in Super Mario Strikers?
",Paratroopa,Paratroopa,Birdo,Toad,Hammer bros.,video-games,1
526,"In Mario Superstar Baseball what do you have to you use to unleash your characters super pitch?
",A star,A heart,A fire flower,A star,A credit,video-games,1
527,"In Mario Kart, characters are classified as either heavy or light.
",False,True,False,,,video-games,1
528,"What is Luigis power shot in Mario Power Tennis?
",A hammer,He sucks the ball with a vacuum.,He jumps really high and slams the ball.,A hammer,A super big tennis racket,video-games,1
529,"In Mario Power Tennis, Bowsers racket has spikes on it.
",True,True,False,,,video-games,1
530,"What is the most basic court in Mario Power Tennis?
",Peach Dome,Mario Mansion,Peach Palace,Peach Dome,Mario Yard,video-games,1
531,"Sonic the Hedgehog is the protagonist of a video game, released by Nintendo.
",False,True,False,,,video-games,1
532,"Which one of these game systems was released by Nintendo?
",snes,Playstation,None of these,snes,Xbox,video-games,1
533,"Does Nintendos mascot Mario wear a red and black hat?
",No,No,Yes,,,video-games,1
534,"Is it true that Kirby, the protagonist of the Kirby game series, is pink?
",Yes,No,Yes,,,video-games,1
535,"Captain Falcon, from the F-Zero video games, is a pirate.
",False,True,False,,,video-games,1
536,"Which of these games was not released by Nintendo?
",Assassins Creed,Warioware,Mario Galaxy,Assassins Creed,Star Fox,video-games,1
537,"Which Super Smash Bros. Melee character can be unlocked by defeating the 10-minute melee?
",Falco,Falco,Jigglypuff,Roy,Mr. Game and Watch,video-games,1
538,"Which character in Super Smash Bros. Melee can be unlocked by beating the game with every character?
",Mr. Game and Watch,Luigi,Falco,Mr. Game and Watch,Roy,video-games,1
539,"Which character in Super Smash Bros. Melee did not have a grapple ability?
",Zelda,Zelda,Young Link,Link,Samus,video-games,1
540,"Which Pokemon character in Super Smash Bros. Melee damages itself by using its B button moves?
",Pichu,Mewtwo,Jigglypuff,Pichu,Pikachu,video-games,1
541,"Which character in Super Smash Bros. Melee is the final boss of the normal game (Classic Mode)?
",Master Hand,Poorly Coordinated Hand,Crazy Hand,Master Hand,Power Hand,video-games,1
542,"Which character in Super Smash Bros. Melee could jump more than once in midair?
",Kirby,Peach,Meta Knight,Kirby,Yoshi,video-games,1
543,"Which character in Super Smash Bros. Melee is unlocked by beating the game with a character from the same game?
",Roy,Falco,Mewtwo,Roy,Captain Falcon,video-games,1
544,"Which character in Super Smash Bros. Melee had the ability to pick up other characters and walk with them?
",Donkey Kong,Ganondorf,Donkey Kong,Bowser,Mario,video-games,1
545,"Which of the following game series featured the most Super Smash Bros. Melee characters?
",Mario,Zelda,Mario,Star Fox,Pokemon,video-games,1
546,"Which character in Super Smash Bros. Melee does not have a saving Up B button move?
",Yoshi,Yoshi,Bowser,Dr. Mario,Peach,video-games,1
547,"What is the name of the main character in the 2006 third-person shooter Gears of War?
",Marcus Fenix,Marcus Fenix,Lt. Kim,Dominic Santiago,Baird,video-games,1
548,"In video game Gears of War, these creatures let loose loud piercing shrieks when they attack but are generally easy to kill.
",Wretches,Wretches,Drones,Corpsers,Theron Guards,video-games,1
549,"In Gears of War, if you stay in the dark and walk slowly, the mutant race Kryll wont attack you.
",False,False,True,,,video-games,1
550,"In Gears of War, which of these creatures is blind, walks upright and hunts by smell?
",Berserker,Drone,Corpser,Berserker,Wretch,video-games,1
551,"In the third-person shooter Gears of War, can you kill the Corpser in the Locust tunnels by using the Hammer of Dawn?
",No,Yes,No,,,video-games,1
552,"What is the name of the Colonel who is in command according to the scenarios in Gears of War?
",Hoffman,Raam,Cole,Hoffman,Santiago,video-games,1
553,"In the Gears of War game, which member of Alpha Team is first found fighting in a small courtyard, alone and taunting the Locust?
",Cole,Cole,Baird,Rojas,Kim,video-games,1
554,"Which difficulty setting can only be unlocked by completing Gears of War once on any difficulty?
",Insane,Normal,Casual,Insane,Hardcore,video-games,1
555,"General RAAM is protected by the mutant race Kryll when you try to kill him on the train at the end of Gears of War.
",True,True,False,,,video-games,1
556,"Which of these dragons is the strongest in the Runescape game?
",Black Dragon,Red Dragon,Blue Dragon,Black Dragon,Green Dragon,video-games,1
557,"Which of these Runescape creatures drops a Dragon 2H Sword?
",Chaos Elemental,Mithral Dragon,King Black Dragon,Chaos Elemental,Calphite Queen,video-games,1
558,"What is the name of the city in Runescape that you unlock after the Lost City Quest?
",Zanaris,Falador,Zanaris,Catherbys,Camalot,video-games,1
559,"Which of these is the postal service in Runescape?
",RPDT,NYER,LPOG,LAPD,RPDT,video-games,1
560,"In the Runescape game you get a fishing skillcape in the Legends Guild.
",False,True,False,,,video-games,1
561,"How many forms does the Calphite Queen have in the game Runescape?
",2,5,4,2,3,video-games,1
562,"Which of these pets can you own in Runescape?
",Kitten,Hamster,Kitten,Dog,Bird,video-games,1
563,"You can own a pet rock in the Runescape game.
",True,True,False,,,video-games,1
564,"In the action/adventure game Killer7, the name of the assassin who can change between seven deadly personalities is Harman Smith.
",True,False,True,,,video-games,1
565,"Which persona from the Killer7 game is the one with the Scope on his/her Automatic?
",Kaede,Harman,Con,Dan,Kaede,video-games,1
566,"In Killer7, what is the character Con Smithsâ€™ age?
",14,17,14,It is not stated.,25,video-games,1
567,"Which voice-over actress, who has also done voices for Nickelodeon, is the voice of Kaede in Killer7?
",Tara Strong,Debby Derryberry,Tara Strong,Lacey Chabert,E.G Daily,video-games,1
568,"What is the name of character Iwazarus ex-wife in the action/adventure game Killer7?
",Mizaru,Mizaru,None of the above,Mizaro,Mizari,video-games,1
569,"In the game Killer7, what is the name of Harmans maid?
",Samantha,Susan,Suzie,Polly,Samantha,video-games,1
570,"The only time you can use the save feature in Killer7 is when character Samantha is in what costume?
",Maid uniform,Tight black overall,Normal clothing,Evening gown,Maid uniform,video-games,1
571,"What was Mask De Smithâ€™s profession before coming apart of the killersâ€™ team in Killer7?
",Professional wrestler,Costume artist,Professional boxer,Bodyguard,Professional wrestler,video-games,1
572,"In the action/adventure Killer7, who is the only informant able to contact the Killer7 team?
",Christopher Mills,Kun Lan,Christopher Mills,Heaven Smile,Travis,video-games,1
573,"Besides your Avatar, what other characters can you get at the beginning of the game Baldurs Gate II: Shadows of Amn?
","Imoen, Jahiera, Minsc","Imoen, Jahiera, Minsc","Aerie, Jahiera, Jan","Khalid, Jahiera, Minsc","Valygar, Jahiera, Minsc",video-games,1
574,"Where can you get the gauntlets of ogre power in the game Baldurs Gate II: Shadows of Amn?
",The Planar Sphere,The Shadow thieves cellar,The Temple ruins,The Planar prison,The Planar Sphere,video-games,1
575,"What ranger can you save in the game Baldurs Gate II: Shadows of Amn by defeating the Shadow lord in the ruin temple?
",Merella,Merella,Valygar,Minsc,Drizzt,video-games,1
576,"What organization takes Imoen from you, after you escape the first level in the game Baldurs Gate II: Shadows of Amn?
",The Cowled Wizards,The Athkatla Guard,The Emerald warriors,The Shadow Thieves,The Cowled Wizards,video-games,1
577,"Who kidnaps Nalia in the game Baldurs Gate II: Shadows of Amn?
",Isaea Roenal,Isaea Roenal,Jon Irenicus,Corieg Axehand,Stumpy Ironfoot,video-games,1
578,"In the 2007 RuneScape Easter special, what item or items do you earn by helping the Easter bunny?
",A chicken suit,An egg that you eat that brings you up one level,A chicken suit,A bunny suit,A ring that transforms you into an egg,video-games,1
579,"What two special benefits do RuneScape members get?
",special tree logs and special locations,rainbow boots and fighting boots,special money and no extra lands,special tree logs and special locations,you can kill demons and go to the barbarian village,video-games,1
580,"In the RuneScape game, it is illegal to use a macroer.
",True,True,False,,,video-games,1
581,"In the RuneScape game, the woodcutting skillcape lets you save a bird from a tree.
",True,False,True,,,video-games,1
582,"On a non-member world in RuneScape, how many places can you travel to on the ship in Port Sarim?
",1,3,6,1,4,video-games,1
583,"What animal is Santa on the 2005 RuneScape Christmas special?
",wolf,polar bear,wolf,reindeer,penguin,video-games,1
584,"What is the name of the dog the main character is trying to save in the Dogs Life video game?
",Daisy,Butter,Jesse,Daisy,Katie,video-games,1
585,"What changes on the dog every time you go to a different Poodle Parlour in the video game Dogs Life?
",his collar,his attitude,the markings on his coat,his collar,his leash,video-games,1
586,"At what location do you first have to run away from the dog catcher in the Dogs Life video game?
",Village center,Boom City Park,Lake Minniwahwah Cafe,Village center,Farmhouse,video-games,1
587,"When you pick up scents in the game Dogs Life, which of the following is not part of a competition with another dog?
",Barking competition,Marking territory,Barking competition,Digging holes,Doing tricks,video-games,1
588,"What are the names of Miss Peaches henchmen in the Dogs Life game?
",Wayne and Dwayne,Wayne and Dwayne,Bob and Rob,Ryan and Bryan,John and Ron,video-games,1
589,"In the Dogs Life video game, what challenge do the purple scents start?
",Collect them all before time runs out,Obtain more territory than the other dog,Dig holes faster than the other dog,Collect them all before time runs out,Get all the food before the other dog does,video-games,1
590,"What improves your speed, stamina, and health in the game Dogs Life?
",bones,bones,washing,people,collars,video-games,1
591,"Which of the following is NOT found at the grooming parlour in the video game Dogs Life?
",shaver,scissors,shower head,shaver,a sponge,video-games,1
592,"How many places can you go to by train in the Dogs Life game?
",3,3,5,50,7,video-games,1
593,"What is the name of the radio show in the game Dogs Life?
",The Loud Brothers Live,Lake Minniwahah Chat,Miss Peaches Radio Show,"Blues, Smooths, and Clues Live",The Loud Brothers Live,video-games,1
594,"What button do you press to dig in Dogs Life (PS2)?
",Circle,Cross,Square,Triangle,Circle,video-games,1
595,"What color is Miss Peaches hair in the video game Dogs Life?
",Orange,Orange,Brown,Blonde,Black,video-games,1
596,"Where is the Lucky 7s Machine located in the game Dogs Life?
",Lake Minniwahwah Cafe,Lake Minniwahwah Slopes,Lake Minniwahwah Hotel,Lake Minniwahwah Mountain Top,Lake Minniwahwah Cafe,video-games,1
597,"In the Dogs Life video game, what is the name of the group of bandits at Boom City?
",The Sleeping Bandits,The Sleeping Bandits,The Danger Bandits,The Ruthless Bandits,The Masked Bandits,video-games,1
598,"What color is the jacket the girl wants you to get from the ski slopes in the video game Dogs Life?
",yellow,black,white,yellow,red,video-games,1
599,"In the Dogs Life video game, what does the girl NOT ask you to bring to make her snowman?
",a scarf,a scarf,a hat,twigs,coal,video-games,1
